,date,open,high,low,close,volume,tic
0,2020.09.07,1.32115,1.32121,1.32102,1.32114,41,GBPUSD
1,2020.09.07,1.32114,1.32114,1.32092,1.32105,33,GBPUSD
2,2020.09.07,1.32105,1.32113,1.32071,1.32073,47,GBPUSD
3,2020.09.07,1.32073,1.32076,1.32059,1.32073,28,GBPUSD
4,2020.09.07,1.3207200000000001,1.3208,1.32057,1.32061,41,GBPUSD
5,2020.09.07,1.32055,1.3207,1.32046,1.3205799999999999,26,GBPUSD
6,2020.09.07,1.3205799999999999,1.32059,1.32015,1.32026,31,GBPUSD
7,2020.09.07,1.32026,1.3205200000000001,1.32026,1.3205200000000001,24,GBPUSD
8,2020.09.07,1.3205,1.32054,1.32034,1.32043,26,GBPUSD
9,2020.09.07,1.32041,1.32045,1.32031,1.3203200000000002,26,GBPUSD
10,2020.09.07,1.3203200000000002,1.32033,1.31978,1.32009,65,GBPUSD
11,2020.09.07,1.32009,1.32015,1.3199299999999998,1.32003,44,GBPUSD
12,2020.09.07,1.32002,1.3205200000000001,1.31995,1.32047,95,GBPUSD
13,2020.09.07,1.3204799999999999,1.32071,1.32043,1.32044,49,GBPUSD
14,2020.09.07,1.32044,1.32053,1.32006,1.32007,40,GBPUSD
15,2020.09.07,1.32007,1.3205200000000001,1.32007,1.3204799999999999,47,GBPUSD
16,2020.09.07,1.32047,1.32055,1.32033,1.32041,38,GBPUSD
17,2020.09.07,1.32041,1.32069,1.3204,1.3205799999999999,47,GBPUSD
18,2020.09.07,1.3205799999999999,1.3208,1.32039,1.32049,41,GBPUSD
19,2020.09.07,1.32049,1.32079,1.32049,1.32064,32,GBPUSD
20,2020.09.07,1.32064,1.32071,1.32044,1.3206,39,GBPUSD
21,2020.09.07,1.3206,1.32089,1.3206,1.32079,33,GBPUSD
22,2020.09.07,1.32079,1.3209,1.32063,1.3206799999999999,51,GBPUSD
23,2020.09.07,1.3206799999999999,1.3208799999999998,1.32065,1.32079,32,GBPUSD
24,2020.09.07,1.32079,1.32103,1.32079,1.3209799999999998,21,GBPUSD
25,2020.09.07,1.3209799999999998,1.32107,1.3207799999999998,1.32104,35,GBPUSD
26,2020.09.07,1.32104,1.32111,1.32095,1.3209899999999999,56,GBPUSD
27,2020.09.07,1.321,1.32114,1.32083,1.32083,48,GBPUSD
28,2020.09.07,1.3208,1.32083,1.3206799999999999,1.32079,52,GBPUSD
29,2020.09.07,1.32079,1.32081,1.32059,1.32074,46,GBPUSD
30,2020.09.07,1.32071,1.32087,1.32065,1.32084,44,GBPUSD
31,2020.09.07,1.32084,1.32093,1.32082,1.3208799999999998,44,GBPUSD
32,2020.09.07,1.3208799999999998,1.32089,1.32071,1.32081,38,GBPUSD
33,2020.09.07,1.32081,1.3208799999999998,1.32077,1.3208,30,GBPUSD
34,2020.09.07,1.3208,1.32125,1.3208,1.32121,50,GBPUSD
35,2020.09.07,1.32121,1.32171,1.32118,1.32169,58,GBPUSD
36,2020.09.07,1.32169,1.32198,1.3216700000000001,1.32195,60,GBPUSD
37,2020.09.07,1.32195,1.3222399999999999,1.32195,1.32199,60,GBPUSD
38,2020.09.07,1.32199,1.3220299999999998,1.32181,1.3218299999999998,44,GBPUSD
39,2020.09.07,1.3218299999999998,1.32215,1.3218299999999998,1.3221,52,GBPUSD
40,2020.09.07,1.3221,1.32229,1.32194,1.32205,54,GBPUSD
41,2020.09.07,1.32205,1.3223200000000002,1.32205,1.32207,53,GBPUSD
42,2020.09.07,1.32207,1.32244,1.32207,1.32209,59,GBPUSD
43,2020.09.07,1.3221399999999999,1.32233,1.3220399999999999,1.32223,72,GBPUSD
44,2020.09.07,1.3222399999999999,1.32254,1.3222,1.32254,50,GBPUSD
45,2020.09.07,1.32254,1.32263,1.32253,1.32255,41,GBPUSD
46,2020.09.07,1.32255,1.32255,1.32197,1.3222,63,GBPUSD
47,2020.09.07,1.32218,1.32223,1.32208,1.32208,52,GBPUSD
48,2020.09.07,1.32208,1.32223,1.32195,1.32207,57,GBPUSD
49,2020.09.07,1.32207,1.32209,1.32161,1.32161,68,GBPUSD
50,2020.09.07,1.32158,1.32181,1.32152,1.3215700000000001,59,GBPUSD
51,2020.09.07,1.3216299999999999,1.32189,1.3216299999999999,1.32181,53,GBPUSD
52,2020.09.07,1.32181,1.32208,1.3217700000000001,1.32205,68,GBPUSD
53,2020.09.07,1.32205,1.3221,1.32196,1.3220299999999998,43,GBPUSD
54,2020.09.07,1.32198,1.3221,1.3218,1.32188,53,GBPUSD
55,2020.09.07,1.32187,1.3219299999999998,1.32184,1.3219,31,GBPUSD
56,2020.09.07,1.3219,1.32199,1.32184,1.32198,61,GBPUSD
57,2020.09.07,1.32198,1.32218,1.32195,1.32218,36,GBPUSD
58,2020.09.07,1.32217,1.32221,1.32207,1.32218,21,GBPUSD
59,2020.09.07,1.32218,1.3226200000000001,1.32217,1.32234,55,GBPUSD
60,2020.09.07,1.32234,1.32263,1.3223200000000002,1.32263,49,GBPUSD
61,2020.09.07,1.32263,1.32266,1.32247,1.32255,43,GBPUSD
62,2020.09.07,1.32255,1.32255,1.3223,1.32233,35,GBPUSD
63,2020.09.07,1.32234,1.32265,1.32234,1.32265,39,GBPUSD
64,2020.09.07,1.32265,1.32295,1.32265,1.32269,48,GBPUSD
65,2020.09.07,1.32269,1.32285,1.32266,1.32275,56,GBPUSD
66,2020.09.07,1.32275,1.32287,1.32261,1.3227,59,GBPUSD
67,2020.09.07,1.3227,1.32279,1.32255,1.32261,51,GBPUSD
68,2020.09.07,1.32261,1.32297,1.32261,1.32297,41,GBPUSD
69,2020.09.07,1.32294,1.32303,1.32294,1.323,38,GBPUSD
70,2020.09.07,1.323,1.32303,1.32266,1.32275,57,GBPUSD
71,2020.09.07,1.32275,1.323,1.32267,1.3229,51,GBPUSD
72,2020.09.07,1.3229,1.3229799999999998,1.3225799999999999,1.3226,59,GBPUSD
73,2020.09.07,1.3226,1.32263,1.3223200000000002,1.32235,78,GBPUSD
74,2020.09.07,1.32235,1.32265,1.3223,1.32257,49,GBPUSD
75,2020.09.07,1.32256,1.3227200000000001,1.32255,1.3226,46,GBPUSD
76,2020.09.07,1.32261,1.32295,1.3226,1.32285,52,GBPUSD
77,2020.09.07,1.32285,1.32313,1.32276,1.32307,46,GBPUSD
78,2020.09.07,1.32307,1.3232899999999999,1.32292,1.32323,65,GBPUSD
79,2020.09.07,1.32323,1.32332,1.323,1.32324,66,GBPUSD
80,2020.09.07,1.32325,1.3234700000000001,1.32324,1.3234700000000001,70,GBPUSD
81,2020.09.07,1.3234700000000001,1.3235700000000001,1.32324,1.3233700000000002,62,GBPUSD
82,2020.09.07,1.32338,1.3238,1.32338,1.32365,50,GBPUSD
83,2020.09.07,1.32365,1.32365,1.3234700000000001,1.32355,51,GBPUSD
84,2020.09.07,1.32355,1.3237299999999999,1.32354,1.32365,30,GBPUSD
85,2020.09.07,1.32365,1.32371,1.32346,1.32358,40,GBPUSD
86,2020.09.07,1.32358,1.3238,1.32355,1.32371,62,GBPUSD
87,2020.09.07,1.3237,1.3237,1.3234299999999999,1.32346,53,GBPUSD
88,2020.09.07,1.32346,1.3235299999999999,1.32332,1.32342,42,GBPUSD
89,2020.09.07,1.32342,1.32342,1.32322,1.32323,45,GBPUSD
90,2020.09.07,1.32322,1.32322,1.3227200000000001,1.32273,40,GBPUSD
91,2020.09.07,1.32273,1.3228799999999998,1.32266,1.3228799999999998,48,GBPUSD
92,2020.09.07,1.3228799999999998,1.32314,1.32287,1.32293,48,GBPUSD
93,2020.09.07,1.32293,1.32295,1.3228799999999998,1.3228799999999998,36,GBPUSD
94,2020.09.07,1.3228799999999998,1.32292,1.32244,1.32244,55,GBPUSD
95,2020.09.07,1.32243,1.32247,1.32225,1.32228,45,GBPUSD
96,2020.09.07,1.32228,1.3223799999999999,1.32225,1.32227,26,GBPUSD
97,2020.09.07,1.3223,1.32233,1.3222399999999999,1.32227,22,GBPUSD
98,2020.09.07,1.32227,1.32227,1.32155,1.3216299999999999,45,GBPUSD
99,2020.09.07,1.3216299999999999,1.3220399999999999,1.3216299999999999,1.32194,42,GBPUSD
100,2020.09.07,1.3219299999999998,1.32231,1.3219299999999998,1.32231,36,GBPUSD
101,2020.09.07,1.32231,1.32254,1.32231,1.32235,38,GBPUSD
102,2020.09.07,1.32235,1.32254,1.3223,1.3223,24,GBPUSD
103,2020.09.07,1.3223,1.32254,1.3223,1.32253,40,GBPUSD
104,2020.09.07,1.32253,1.3228,1.32251,1.32276,53,GBPUSD
105,2020.09.07,1.32276,1.3229,1.32267,1.3228799999999998,49,GBPUSD
106,2020.09.07,1.3228600000000001,1.3228799999999998,1.3223200000000002,1.32233,45,GBPUSD
107,2020.09.07,1.32233,1.32235,1.3220100000000001,1.32218,63,GBPUSD
108,2020.09.07,1.32218,1.32223,1.32199,1.32199,55,GBPUSD
109,2020.09.07,1.32199,1.3220299999999998,1.32197,1.32198,54,GBPUSD
110,2020.09.07,1.322,1.32216,1.32195,1.32212,55,GBPUSD
111,2020.09.07,1.32213,1.3221399999999999,1.32198,1.32213,60,GBPUSD
112,2020.09.07,1.32213,1.32218,1.32207,1.32207,26,GBPUSD
113,2020.09.07,1.32207,1.32207,1.32165,1.32165,31,GBPUSD
114,2020.09.07,1.32164,1.32168,1.32139,1.3214700000000001,49,GBPUSD
115,2020.09.07,1.3214700000000001,1.32161,1.32112,1.32113,39,GBPUSD
116,2020.09.07,1.32113,1.32121,1.32089,1.32089,49,GBPUSD
117,2020.09.07,1.32089,1.32093,1.3206200000000001,1.32073,26,GBPUSD
118,2020.09.07,1.32073,1.32073,1.3204200000000001,1.3205200000000001,67,GBPUSD
119,2020.09.07,1.3205200000000001,1.32053,1.32037,1.3204200000000001,24,GBPUSD
120,2020.09.07,1.32043,1.3205200000000001,1.3203799999999999,1.32047,24,GBPUSD
121,2020.09.07,1.32047,1.3204799999999999,1.32015,1.32015,47,GBPUSD
122,2020.09.07,1.32015,1.32015,1.3194700000000001,1.31956,46,GBPUSD
123,2020.09.07,1.31956,1.3197,1.319,1.31913,65,GBPUSD
124,2020.09.07,1.31913,1.31913,1.31867,1.31882,74,GBPUSD
125,2020.09.07,1.3188,1.31911,1.31879,1.3189799999999998,56,GBPUSD
126,2020.09.07,1.3189799999999998,1.3191899999999999,1.31897,1.3190899999999999,38,GBPUSD
127,2020.09.07,1.3190899999999999,1.3194299999999999,1.3190899999999999,1.31924,46,GBPUSD
128,2020.09.07,1.31924,1.3193700000000002,1.31867,1.31882,59,GBPUSD
129,2020.09.07,1.31883,1.31911,1.31882,1.31897,26,GBPUSD
130,2020.09.07,1.31897,1.3189899999999999,1.31865,1.3189600000000001,43,GBPUSD
131,2020.09.07,1.3189600000000001,1.3191700000000002,1.3189600000000001,1.3190899999999999,37,GBPUSD
132,2020.09.07,1.3190899999999999,1.31925,1.3189600000000001,1.3191,42,GBPUSD
133,2020.09.07,1.3191,1.31942,1.3191,1.3193,40,GBPUSD
134,2020.09.07,1.3193,1.31932,1.31908,1.3191,26,GBPUSD
135,2020.09.07,1.31911,1.3195700000000001,1.3191,1.3195,51,GBPUSD
136,2020.09.07,1.3195,1.31968,1.3194700000000001,1.3195299999999999,56,GBPUSD
137,2020.09.07,1.3195299999999999,1.32003,1.31952,1.3199100000000001,46,GBPUSD
138,2020.09.07,1.3199100000000001,1.32023,1.31987,1.32015,69,GBPUSD
139,2020.09.07,1.32009,1.3201,1.31969,1.3197,39,GBPUSD
140,2020.09.07,1.3197,1.3198,1.31945,1.31945,27,GBPUSD
141,2020.09.07,1.31945,1.31949,1.3193,1.31932,31,GBPUSD
142,2020.09.07,1.31932,1.31932,1.31845,1.31845,63,GBPUSD
143,2020.09.07,1.31845,1.31853,1.31807,1.31807,63,GBPUSD
144,2020.09.07,1.3181,1.31827,1.31808,1.3182,24,GBPUSD
145,2020.09.07,1.31807,1.31828,1.3175700000000001,1.3175700000000001,54,GBPUSD
146,2020.09.07,1.3175700000000001,1.3181,1.31745,1.31777,67,GBPUSD
147,2020.09.07,1.31776,1.31805,1.31776,1.31795,38,GBPUSD
148,2020.09.07,1.31795,1.31805,1.31777,1.3178,35,GBPUSD
149,2020.09.07,1.3178,1.31787,1.31777,1.31777,21,GBPUSD
150,2020.09.07,1.31777,1.31823,1.31777,1.31823,43,GBPUSD
151,2020.09.07,1.31823,1.3184200000000001,1.3180399999999999,1.31835,46,GBPUSD
152,2020.09.07,1.3183200000000002,1.31833,1.31805,1.3182399999999999,47,GBPUSD
153,2020.09.07,1.3182399999999999,1.31826,1.31815,1.31826,38,GBPUSD
154,2020.09.07,1.31825,1.31826,1.31806,1.31818,43,GBPUSD
155,2020.09.07,1.3182,1.31836,1.31806,1.31816,53,GBPUSD
156,2020.09.07,1.31816,1.3182200000000002,1.3181399999999999,1.31816,24,GBPUSD
157,2020.09.07,1.31821,1.31836,1.31803,1.31813,55,GBPUSD
158,2020.09.07,1.3181200000000002,1.31813,1.31779,1.3180100000000001,54,GBPUSD
159,2020.09.07,1.3180100000000001,1.3180100000000001,1.31769,1.31792,42,GBPUSD
160,2020.09.07,1.31792,1.31803,1.31775,1.31782,35,GBPUSD
161,2020.09.07,1.31782,1.31861,1.31782,1.31853,36,GBPUSD
162,2020.09.07,1.31853,1.31853,1.31796,1.31796,36,GBPUSD
163,2020.09.07,1.31796,1.31808,1.3178299999999998,1.3178299999999998,28,GBPUSD
164,2020.09.07,1.31777,1.3181100000000001,1.31769,1.31805,47,GBPUSD
165,2020.09.07,1.31805,1.3181,1.3179299999999998,1.31794,32,GBPUSD
166,2020.09.07,1.3179299999999998,1.3179299999999998,1.3176700000000001,1.31779,43,GBPUSD
167,2020.09.07,1.31779,1.31841,1.31775,1.3183799999999999,66,GBPUSD
168,2020.09.07,1.3183799999999999,1.3184,1.31776,1.31808,42,GBPUSD
169,2020.09.07,1.31808,1.3182,1.31786,1.3182,36,GBPUSD
170,2020.09.07,1.3182,1.31835,1.31777,1.31831,56,GBPUSD
171,2020.09.07,1.3183,1.31831,1.31798,1.31828,47,GBPUSD
172,2020.09.07,1.31834,1.31849,1.31834,1.3184799999999999,51,GBPUSD
173,2020.09.07,1.3184799999999999,1.31882,1.3184200000000001,1.31882,56,GBPUSD
174,2020.09.07,1.31882,1.3189,1.31875,1.3189,35,GBPUSD
175,2020.09.07,1.3189,1.31891,1.3187,1.3188,54,GBPUSD
176,2020.09.07,1.3188,1.3190899999999999,1.3188,1.319,44,GBPUSD
177,2020.09.07,1.319,1.31915,1.319,1.31902,44,GBPUSD
178,2020.09.07,1.31902,1.3195299999999999,1.31902,1.31941,54,GBPUSD
179,2020.09.07,1.3193,1.3193,1.31911,1.31913,33,GBPUSD
180,2020.09.07,1.31913,1.31929,1.31901,1.31929,56,GBPUSD
181,2020.09.07,1.31929,1.31954,1.31928,1.31954,31,GBPUSD
182,2020.09.07,1.31954,1.3196,1.3191899999999999,1.3191899999999999,28,GBPUSD
183,2020.09.07,1.31912,1.31915,1.3188600000000001,1.31891,52,GBPUSD
184,2020.09.07,1.31891,1.31911,1.31891,1.3189799999999998,37,GBPUSD
185,2020.09.07,1.3189799999999998,1.31911,1.3188799999999998,1.3189600000000001,40,GBPUSD
186,2020.09.07,1.31894,1.31894,1.31866,1.31874,39,GBPUSD
187,2020.09.07,1.31874,1.31877,1.31859,1.31866,38,GBPUSD
188,2020.09.07,1.31866,1.31891,1.31849,1.31883,42,GBPUSD
189,2020.09.07,1.31883,1.3188600000000001,1.31861,1.3186799999999999,44,GBPUSD
190,2020.09.07,1.3186799999999999,1.3192,1.31855,1.3191700000000002,47,GBPUSD
191,2020.09.07,1.3191700000000002,1.31944,1.31913,1.31918,32,GBPUSD
192,2020.09.07,1.3192,1.3192700000000002,1.31841,1.31841,56,GBPUSD
193,2020.09.07,1.31841,1.31854,1.31839,1.3184799999999999,37,GBPUSD
194,2020.09.07,1.31849,1.31863,1.3184,1.3185,24,GBPUSD
195,2020.09.07,1.3185,1.31861,1.31845,1.3185,42,GBPUSD
196,2020.09.07,1.31853,1.31853,1.31837,1.3185,22,GBPUSD
197,2020.09.07,1.3185,1.31857,1.31841,1.31849,21,GBPUSD
198,2020.09.07,1.31849,1.31854,1.3184200000000001,1.31844,33,GBPUSD
199,2020.09.07,1.31844,1.31861,1.31837,1.31855,44,GBPUSD
200,2020.09.07,1.31855,1.31875,1.31844,1.31845,41,GBPUSD
201,2020.09.07,1.31845,1.31854,1.31837,1.3184799999999999,24,GBPUSD
202,2020.09.07,1.3184799999999999,1.3184799999999999,1.31802,1.31807,42,GBPUSD
203,2020.09.07,1.3180399999999999,1.3180399999999999,1.3173,1.31748,96,GBPUSD
204,2020.09.07,1.31748,1.31754,1.31725,1.3173700000000002,46,GBPUSD
205,2020.09.07,1.3173700000000002,1.31754,1.31718,1.31724,36,GBPUSD
206,2020.09.07,1.31733,1.31733,1.31708,1.31708,58,GBPUSD
207,2020.09.07,1.31708,1.31718,1.3164,1.31676,54,GBPUSD
208,2020.09.07,1.31676,1.31676,1.3163799999999999,1.31646,33,GBPUSD
209,2020.09.07,1.3164799999999999,1.3164799999999999,1.31625,1.31626,27,GBPUSD
210,2020.09.07,1.31626,1.31636,1.31571,1.31577,43,GBPUSD
211,2020.09.07,1.31577,1.31609,1.31571,1.31571,45,GBPUSD
212,2020.09.07,1.31571,1.31587,1.31564,1.3158100000000001,27,GBPUSD
213,2020.09.07,1.3158100000000001,1.31615,1.3158100000000001,1.31586,37,GBPUSD
214,2020.09.07,1.31586,1.31589,1.31576,1.31576,15,GBPUSD
215,2020.09.07,1.31576,1.31576,1.3153299999999999,1.31536,30,GBPUSD
216,2020.09.07,1.3154299999999999,1.31566,1.31536,1.31566,37,GBPUSD
217,2020.09.07,1.31566,1.31606,1.31566,1.31606,17,GBPUSD
218,2020.09.07,1.31606,1.31606,1.31566,1.31569,22,GBPUSD
219,2020.09.07,1.31569,1.3157,1.3154299999999999,1.3154299999999999,34,GBPUSD
220,2020.09.07,1.3154299999999999,1.3155,1.3151700000000002,1.3151899999999999,46,GBPUSD
221,2020.09.07,1.3151899999999999,1.31528,1.3149899999999999,1.3150600000000001,32,GBPUSD
222,2020.09.07,1.3150600000000001,1.3154299999999999,1.3150600000000001,1.31521,41,GBPUSD
223,2020.09.07,1.31521,1.3152700000000002,1.31495,1.31497,28,GBPUSD
224,2020.09.07,1.31497,1.31498,1.31466,1.31487,38,GBPUSD
225,2020.09.07,1.31487,1.31487,1.31464,1.3146799999999998,41,GBPUSD
226,2020.09.07,1.3146799999999998,1.31495,1.3143799999999999,1.31479,56,GBPUSD
227,2020.09.07,1.31479,1.31479,1.31443,1.31463,46,GBPUSD
228,2020.09.07,1.31463,1.31475,1.31453,1.3146,41,GBPUSD
229,2020.09.07,1.3146,1.31498,1.3146,1.31497,40,GBPUSD
230,2020.09.07,1.31493,1.31529,1.3148799999999998,1.31521,44,GBPUSD
231,2020.09.07,1.31522,1.31536,1.31503,1.31515,44,GBPUSD
232,2020.09.07,1.31515,1.31535,1.3150700000000002,1.3150899999999999,52,GBPUSD
233,2020.09.07,1.3150899999999999,1.31513,1.31479,1.31479,30,GBPUSD
234,2020.09.07,1.31479,1.31501,1.31471,1.31493,19,GBPUSD
235,2020.09.07,1.31494,1.31534,1.31494,1.31534,31,GBPUSD
236,2020.09.07,1.31534,1.31556,1.3153299999999999,1.31548,39,GBPUSD
237,2020.09.07,1.31548,1.3156700000000001,1.31548,1.31564,54,GBPUSD
238,2020.09.07,1.31564,1.31571,1.31529,1.31536,54,GBPUSD
239,2020.09.07,1.31536,1.3156299999999999,1.31532,1.3154299999999999,27,GBPUSD
240,2020.09.07,1.3154299999999999,1.3155,1.31535,1.31542,24,GBPUSD
241,2020.09.07,1.31542,1.31548,1.31483,1.31504,51,GBPUSD
242,2020.09.07,1.31504,1.31504,1.31493,1.31494,24,GBPUSD
243,2020.09.07,1.31494,1.315,1.31484,1.31485,38,GBPUSD
244,2020.09.07,1.31485,1.31493,1.31471,1.3148799999999998,36,GBPUSD
245,2020.09.07,1.3148799999999998,1.315,1.31479,1.31491,33,GBPUSD
246,2020.09.07,1.31491,1.31497,1.3147799999999998,1.3149,24,GBPUSD
247,2020.09.07,1.3149,1.31498,1.31484,1.31489,35,GBPUSD
248,2020.09.07,1.31489,1.31516,1.31489,1.31505,33,GBPUSD
249,2020.09.07,1.31505,1.31515,1.31503,1.31508,26,GBPUSD
250,2020.09.07,1.31508,1.31525,1.31491,1.31516,36,GBPUSD
251,2020.09.07,1.31516,1.3151700000000002,1.31491,1.31494,47,GBPUSD
252,2020.09.07,1.31494,1.3149600000000001,1.31473,1.31495,33,GBPUSD
253,2020.09.07,1.31497,1.31498,1.31487,1.31489,18,GBPUSD
254,2020.09.07,1.31489,1.31503,1.3148799999999998,1.3149899999999999,36,GBPUSD
255,2020.09.07,1.3149899999999999,1.31504,1.31474,1.31487,29,GBPUSD
256,2020.09.07,1.31487,1.31503,1.31482,1.31498,31,GBPUSD
257,2020.09.07,1.31498,1.3151,1.31474,1.31495,32,GBPUSD
258,2020.09.07,1.31495,1.31495,1.3147799999999998,1.31489,32,GBPUSD
259,2020.09.07,1.31489,1.31501,1.31484,1.31495,29,GBPUSD
260,2020.09.07,1.31497,1.3151899999999999,1.31497,1.3149899999999999,32,GBPUSD
261,2020.09.07,1.3149899999999999,1.31504,1.31491,1.31503,25,GBPUSD
262,2020.09.07,1.31503,1.31516,1.31501,1.3150899999999999,38,GBPUSD
263,2020.09.07,1.3150899999999999,1.3151,1.31501,1.3150600000000001,23,GBPUSD
264,2020.09.07,1.3150600000000001,1.3159100000000001,1.31502,1.31586,29,GBPUSD
265,2020.09.07,1.31585,1.31585,1.31541,1.31564,56,GBPUSD
266,2020.09.07,1.31565,1.31571,1.3155700000000001,1.31561,37,GBPUSD
267,2020.09.07,1.31561,1.31561,1.31538,1.31539,30,GBPUSD
268,2020.09.07,1.31539,1.31545,1.31538,1.31542,15,GBPUSD
269,2020.09.07,1.31542,1.31546,1.31521,1.31535,22,GBPUSD
270,2020.09.07,1.31534,1.31539,1.31504,1.3150700000000002,45,GBPUSD
271,2020.09.07,1.3150700000000002,1.3152,1.31504,1.31504,32,GBPUSD
272,2020.09.07,1.31504,1.3150899999999999,1.31494,1.3149899999999999,37,GBPUSD
273,2020.09.07,1.3149899999999999,1.31525,1.31497,1.3151899999999999,31,GBPUSD
274,2020.09.07,1.3151899999999999,1.31564,1.3151899999999999,1.31564,39,GBPUSD
275,2020.09.07,1.31564,1.31564,1.31508,1.31528,37,GBPUSD
276,2020.09.07,1.31529,1.31532,1.31525,1.31531,8,GBPUSD
277,2020.09.07,1.31531,1.3154,1.31526,1.31538,27,GBPUSD
278,2020.09.07,1.31538,1.31545,1.31535,1.31538,24,GBPUSD
279,2020.09.07,1.31538,1.31568,1.31538,1.31558,19,GBPUSD
280,2020.09.07,1.31558,1.31571,1.31546,1.31566,22,GBPUSD
281,2020.09.07,1.31566,1.31569,1.31534,1.31538,31,GBPUSD
282,2020.09.07,1.31538,1.31551,1.31529,1.31551,29,GBPUSD
283,2020.09.07,1.31551,1.31565,1.31551,1.3155700000000001,19,GBPUSD
284,2020.09.07,1.3155700000000001,1.31559,1.31548,1.31548,13,GBPUSD
285,2020.09.07,1.31548,1.31564,1.31548,1.31564,20,GBPUSD
286,2020.09.07,1.31561,1.31564,1.31558,1.31564,12,GBPUSD
287,2020.09.07,1.31564,1.3159,1.31564,1.31587,31,GBPUSD
288,2020.09.07,1.31586,1.31587,1.31564,1.31575,22,GBPUSD
289,2020.09.07,1.31575,1.31659,1.31568,1.31659,48,GBPUSD
290,2020.09.07,1.31659,1.3166200000000001,1.31633,1.3164200000000001,77,GBPUSD
291,2020.09.07,1.3164200000000001,1.31666,1.31639,1.31665,35,GBPUSD
292,2020.09.07,1.31665,1.31685,1.3164200000000001,1.31645,49,GBPUSD
293,2020.09.07,1.31643,1.31661,1.31639,1.31655,31,GBPUSD
294,2020.09.07,1.31651,1.31656,1.3163200000000002,1.31637,31,GBPUSD
295,2020.09.07,1.31637,1.3164799999999999,1.3162200000000002,1.3164799999999999,34,GBPUSD
296,2020.09.07,1.3164799999999999,1.31665,1.31643,1.31664,29,GBPUSD
297,2020.09.07,1.31665,1.31689,1.31653,1.31689,47,GBPUSD
298,2020.09.07,1.3168799999999998,1.31694,1.31665,1.3168600000000001,46,GBPUSD
299,2020.09.07,1.3168600000000001,1.3169,1.31676,1.31677,26,GBPUSD
300,2020.09.07,1.31677,1.31677,1.31646,1.31671,26,GBPUSD
301,2020.09.07,1.3167200000000001,1.31683,1.31666,1.31667,37,GBPUSD
302,2020.09.07,1.31669,1.31684,1.31667,1.3168,29,GBPUSD
303,2020.09.07,1.31679,1.31679,1.3166,1.31671,30,GBPUSD
304,2020.09.07,1.31671,1.31671,1.31646,1.31651,37,GBPUSD
305,2020.09.07,1.31651,1.3166200000000001,1.31651,1.31656,25,GBPUSD
306,2020.09.07,1.31656,1.31663,1.31644,1.3165200000000001,41,GBPUSD
307,2020.09.07,1.3165200000000001,1.3166,1.31647,1.31653,20,GBPUSD
308,2020.09.07,1.31653,1.31653,1.31636,1.3164,39,GBPUSD
309,2020.09.07,1.3164,1.3165200000000001,1.31578,1.3161200000000002,76,GBPUSD
310,2020.09.07,1.3161,1.31634,1.31607,1.3162,39,GBPUSD
311,2020.09.07,1.3162,1.31644,1.31618,1.31637,52,GBPUSD
312,2020.09.07,1.31637,1.31637,1.316,1.3161399999999999,41,GBPUSD
313,2020.09.07,1.3161200000000002,1.31616,1.31589,1.31597,29,GBPUSD
314,2020.09.07,1.31597,1.3160100000000001,1.3158100000000001,1.3159100000000001,36,GBPUSD
315,2020.09.07,1.3159,1.3159,1.3155700000000001,1.31569,31,GBPUSD
316,2020.09.07,1.31571,1.31572,1.3155,1.3155,38,GBPUSD
317,2020.09.07,1.31551,1.31551,1.31535,1.3154,23,GBPUSD
318,2020.09.07,1.3154,1.31552,1.31535,1.31541,33,GBPUSD
319,2020.09.07,1.31541,1.31554,1.3153299999999999,1.31535,24,GBPUSD
320,2020.09.07,1.31535,1.31536,1.31481,1.31481,25,GBPUSD
321,2020.09.07,1.31481,1.31502,1.3147799999999998,1.3149899999999999,30,GBPUSD
322,2020.09.07,1.3149899999999999,1.31532,1.31498,1.31525,21,GBPUSD
323,2020.09.07,1.31525,1.31542,1.31525,1.31534,25,GBPUSD
324,2020.09.07,1.31534,1.31534,1.3149600000000001,1.315,27,GBPUSD
325,2020.09.07,1.315,1.31569,1.3149899999999999,1.31569,36,GBPUSD
326,2020.09.07,1.31569,1.3163200000000002,1.31565,1.31615,70,GBPUSD
327,2020.09.07,1.31615,1.31626,1.3156700000000001,1.31569,43,GBPUSD
328,2020.09.07,1.31569,1.3158100000000001,1.31569,1.31572,28,GBPUSD
329,2020.09.07,1.31572,1.31586,1.31572,1.3158299999999998,18,GBPUSD
330,2020.09.07,1.3158100000000001,1.31606,1.3154,1.3159100000000001,56,GBPUSD
331,2020.09.07,1.3159100000000001,1.3160100000000001,1.3159100000000001,1.3159100000000001,20,GBPUSD
332,2020.09.07,1.3159100000000001,1.31627,1.3159100000000001,1.31615,30,GBPUSD
333,2020.09.07,1.31615,1.31615,1.3158100000000001,1.31586,23,GBPUSD
334,2020.09.07,1.31586,1.31592,1.31579,1.3159,21,GBPUSD
335,2020.09.07,1.3159,1.31608,1.31587,1.31602,23,GBPUSD
336,2020.09.07,1.3160100000000001,1.31615,1.31589,1.31596,34,GBPUSD
337,2020.09.07,1.31596,1.31596,1.31574,1.31586,20,GBPUSD
338,2020.09.07,1.31586,1.31616,1.31575,1.3161399999999999,41,GBPUSD
339,2020.09.07,1.3161399999999999,1.31631,1.31606,1.3162,30,GBPUSD
340,2020.09.07,1.3162,1.31636,1.316,1.31617,50,GBPUSD
341,2020.09.07,1.31618,1.3164799999999999,1.31613,1.31621,51,GBPUSD
342,2020.09.07,1.31621,1.31621,1.31599,1.3161100000000001,34,GBPUSD
343,2020.09.07,1.3161100000000001,1.31628,1.3161,1.31625,34,GBPUSD
344,2020.09.07,1.31631,1.31653,1.31625,1.3165,27,GBPUSD
345,2020.09.07,1.31647,1.31666,1.3163200000000002,1.31664,43,GBPUSD
346,2020.09.07,1.31664,1.31673,1.31654,1.3167,38,GBPUSD
347,2020.09.07,1.3167,1.31679,1.31665,1.31669,42,GBPUSD
348,2020.09.07,1.31669,1.31675,1.31659,1.31665,36,GBPUSD
349,2020.09.07,1.31665,1.31665,1.31657,1.31659,11,GBPUSD
350,2020.09.07,1.31659,1.31659,1.31626,1.31634,24,GBPUSD
351,2020.09.07,1.31634,1.3164,1.31629,1.31635,15,GBPUSD
352,2020.09.07,1.31635,1.31636,1.31623,1.31629,23,GBPUSD
353,2020.09.07,1.31628,1.31656,1.31626,1.31647,32,GBPUSD
354,2020.09.07,1.31647,1.3168,1.31647,1.3166200000000001,31,GBPUSD
355,2020.09.07,1.31661,1.31665,1.31654,1.31664,16,GBPUSD
356,2020.09.07,1.31663,1.31676,1.31655,1.31663,26,GBPUSD
357,2020.09.07,1.31663,1.31663,1.3163200000000002,1.31634,30,GBPUSD
358,2020.09.07,1.31635,1.31636,1.31595,1.3161399999999999,26,GBPUSD
359,2020.09.07,1.31616,1.31617,1.31605,1.31609,18,GBPUSD
360,2020.09.07,1.31609,1.31616,1.3158299999999998,1.31584,19,GBPUSD
361,2020.09.07,1.31584,1.3159100000000001,1.3156,1.3156,37,GBPUSD
362,2020.09.07,1.31559,1.31566,1.31534,1.31565,36,GBPUSD
363,2020.09.07,1.31565,1.31587,1.31561,1.3158299999999998,29,GBPUSD
364,2020.09.07,1.3158299999999998,1.3158299999999998,1.31571,1.31572,25,GBPUSD
365,2020.09.07,1.31572,1.3158100000000001,1.31569,1.31572,25,GBPUSD
366,2020.09.07,1.31572,1.31588,1.31571,1.31586,31,GBPUSD
367,2020.09.07,1.31586,1.3159100000000001,1.3158100000000001,1.31586,27,GBPUSD
368,2020.09.07,1.31587,1.31596,1.31584,1.31596,23,GBPUSD
369,2020.09.07,1.31596,1.3162399999999999,1.31596,1.31617,42,GBPUSD
370,2020.09.07,1.31617,1.31619,1.31598,1.31606,30,GBPUSD
371,2020.09.07,1.31606,1.31608,1.3158100000000001,1.3158100000000001,25,GBPUSD
372,2020.09.07,1.3158100000000001,1.3158299999999998,1.31554,1.31554,33,GBPUSD
373,2020.09.07,1.31554,1.31561,1.31536,1.31539,39,GBPUSD
374,2020.09.07,1.31539,1.3154,1.3151700000000002,1.31525,24,GBPUSD
375,2020.09.07,1.31525,1.31549,1.3151700000000002,1.31545,47,GBPUSD
376,2020.09.07,1.31542,1.31559,1.31542,1.3155299999999999,41,GBPUSD
377,2020.09.07,1.31551,1.3156700000000001,1.31549,1.31564,36,GBPUSD
378,2020.09.07,1.31565,1.31566,1.3155,1.3155700000000001,28,GBPUSD
379,2020.09.07,1.3155700000000001,1.3159299999999998,1.31555,1.3159100000000001,38,GBPUSD
380,2020.09.07,1.3159100000000001,1.3159100000000001,1.31562,1.3156299999999999,18,GBPUSD
381,2020.09.07,1.3156299999999999,1.31576,1.3155,1.31575,50,GBPUSD
382,2020.09.07,1.31575,1.31629,1.3157299999999998,1.31629,36,GBPUSD
383,2020.09.07,1.31628,1.31644,1.31607,1.31617,24,GBPUSD
384,2020.09.07,1.31617,1.31621,1.3158100000000001,1.31582,20,GBPUSD
385,2020.09.07,1.31582,1.31596,1.3158100000000001,1.31586,16,GBPUSD
386,2020.09.07,1.31586,1.3159299999999998,1.31561,1.31568,32,GBPUSD
387,2020.09.07,1.31568,1.31572,1.3155299999999999,1.31555,26,GBPUSD
388,2020.09.07,1.31555,1.31555,1.31485,1.31497,40,GBPUSD
389,2020.09.07,1.31497,1.3150899999999999,1.31485,1.31494,25,GBPUSD
390,2020.09.07,1.31494,1.315,1.3148799999999998,1.31495,25,GBPUSD
391,2020.09.07,1.31491,1.31498,1.31474,1.31495,29,GBPUSD
392,2020.09.07,1.31502,1.31526,1.31495,1.31526,23,GBPUSD
393,2020.09.07,1.31525,1.31534,1.31515,1.31521,27,GBPUSD
394,2020.09.07,1.31521,1.3152700000000002,1.31513,1.3151899999999999,28,GBPUSD
395,2020.09.07,1.3151899999999999,1.3151899999999999,1.3148799999999998,1.31494,29,GBPUSD
396,2020.09.07,1.31494,1.3149899999999999,1.31469,1.3148,41,GBPUSD
397,2020.09.07,1.3148,1.31495,1.31467,1.31476,53,GBPUSD
398,2020.09.07,1.31476,1.31511,1.3145,1.3145200000000001,56,GBPUSD
399,2020.09.07,1.3145200000000001,1.31453,1.31431,1.31453,59,GBPUSD
400,2020.09.07,1.31453,1.31453,1.31402,1.3143,57,GBPUSD
401,2020.09.07,1.3143,1.31434,1.31423,1.31434,25,GBPUSD
402,2020.09.07,1.31429,1.3145200000000001,1.31429,1.31446,65,GBPUSD
403,2020.09.07,1.31446,1.31454,1.31433,1.3144799999999999,39,GBPUSD
404,2020.09.07,1.3144799999999999,1.31476,1.3144799999999999,1.31476,32,GBPUSD
405,2020.09.07,1.31474,1.31476,1.31463,1.31476,35,GBPUSD
406,2020.09.07,1.31476,1.31504,1.31476,1.31498,40,GBPUSD
407,2020.09.07,1.3149899999999999,1.3150700000000002,1.31481,1.31495,35,GBPUSD
408,2020.09.07,1.31495,1.31512,1.31475,1.31481,27,GBPUSD
409,2020.09.07,1.31481,1.31511,1.31481,1.31511,30,GBPUSD
410,2020.09.07,1.31511,1.31513,1.31503,1.3150600000000001,24,GBPUSD
411,2020.09.07,1.3150600000000001,1.31526,1.31501,1.3151,48,GBPUSD
412,2020.09.07,1.3151,1.31515,1.31501,1.31514,29,GBPUSD
413,2020.09.07,1.31514,1.3151700000000002,1.31514,1.3151700000000002,4,GBPUSD
414,2020.09.07,1.3151700000000002,1.3153700000000002,1.31516,1.3153700000000002,16,GBPUSD
415,2020.09.07,1.3153700000000002,1.3157,1.3153700000000002,1.3157,36,GBPUSD
416,2020.09.07,1.3157,1.31588,1.31564,1.31574,47,GBPUSD
417,2020.09.07,1.31574,1.31579,1.31565,1.31565,31,GBPUSD
418,2020.09.07,1.31565,1.3158299999999998,1.3154700000000001,1.3158299999999998,31,GBPUSD
419,2020.09.07,1.3158299999999998,1.31589,1.31572,1.31576,49,GBPUSD
420,2020.09.07,1.31576,1.31579,1.31561,1.31569,45,GBPUSD
421,2020.09.07,1.31572,1.31586,1.31564,1.3156700000000001,33,GBPUSD
422,2020.09.07,1.3156700000000001,1.31592,1.31564,1.31584,34,GBPUSD
423,2020.09.07,1.31584,1.3161399999999999,1.31584,1.31599,43,GBPUSD
424,2020.09.07,1.316,1.31603,1.31586,1.3159399999999999,36,GBPUSD
425,2020.09.07,1.3159399999999999,1.31607,1.3159399999999999,1.3160399999999999,22,GBPUSD
426,2020.09.07,1.3160399999999999,1.31609,1.3159100000000001,1.31592,48,GBPUSD
427,2020.09.07,1.31592,1.31595,1.31559,1.31561,38,GBPUSD
428,2020.09.07,1.31562,1.31565,1.3155,1.31556,29,GBPUSD
429,2020.09.07,1.31556,1.31575,1.31555,1.31561,37,GBPUSD
430,2020.09.07,1.31561,1.31561,1.31551,1.31561,37,GBPUSD
431,2020.09.07,1.31561,1.31577,1.3156,1.31572,31,GBPUSD
432,2020.09.07,1.31569,1.3159100000000001,1.3156,1.31569,39,GBPUSD
433,2020.09.07,1.3157,1.31598,1.3157,1.31596,50,GBPUSD
434,2020.09.07,1.31596,1.3160100000000001,1.3159399999999999,1.3159399999999999,39,GBPUSD
435,2020.09.07,1.3159399999999999,1.3159399999999999,1.31576,1.3158,43,GBPUSD
436,2020.09.07,1.3158,1.31582,1.3156299999999999,1.3156299999999999,34,GBPUSD
437,2020.09.07,1.3156299999999999,1.3158100000000001,1.3153700000000002,1.31575,42,GBPUSD
438,2020.09.07,1.31575,1.31582,1.31554,1.31555,31,GBPUSD
439,2020.09.07,1.31555,1.31599,1.31548,1.31596,38,GBPUSD
440,2020.09.07,1.31596,1.31619,1.31596,1.31607,36,GBPUSD
441,2020.09.07,1.31606,1.31615,1.3160399999999999,1.31605,25,GBPUSD
442,2020.09.07,1.31605,1.31613,1.31584,1.3159399999999999,52,GBPUSD
443,2020.09.07,1.3159399999999999,1.31613,1.31585,1.31613,32,GBPUSD
444,2020.09.07,1.31613,1.31637,1.31608,1.31637,26,GBPUSD
445,2020.09.07,1.31637,1.31637,1.31617,1.31636,21,GBPUSD
446,2020.09.07,1.31636,1.31637,1.3162399999999999,1.31633,15,GBPUSD
447,2020.09.07,1.31633,1.31635,1.3161200000000002,1.31635,43,GBPUSD
448,2020.09.07,1.31635,1.31645,1.31633,1.31645,30,GBPUSD
449,2020.09.07,1.31645,1.31657,1.3164200000000001,1.3165200000000001,30,GBPUSD
450,2020.09.07,1.3165200000000001,1.31657,1.31646,1.31656,13,GBPUSD
451,2020.09.07,1.3165,1.3165,1.31626,1.31627,27,GBPUSD
452,2020.09.07,1.31627,1.31643,1.31627,1.31643,26,GBPUSD
453,2020.09.07,1.31643,1.31643,1.31633,1.31637,18,GBPUSD
454,2020.09.07,1.31637,1.31651,1.3163200000000002,1.3164,28,GBPUSD
455,2020.09.07,1.3164,1.31646,1.31629,1.31633,35,GBPUSD
456,2020.09.07,1.31633,1.31637,1.3163200000000002,1.31633,10,GBPUSD
457,2020.09.07,1.31633,1.31644,1.31633,1.31637,11,GBPUSD
458,2020.09.07,1.31637,1.31647,1.31637,1.31647,21,GBPUSD
459,2020.09.07,1.31647,1.31676,1.31647,1.31674,17,GBPUSD
460,2020.09.07,1.31674,1.31729,1.31673,1.31729,49,GBPUSD
461,2020.09.07,1.3173,1.31745,1.31726,1.31739,47,GBPUSD
462,2020.09.07,1.31739,1.31742,1.3172700000000002,1.31742,30,GBPUSD
463,2020.09.07,1.31742,1.31742,1.3172700000000002,1.3172700000000002,9,GBPUSD
464,2020.09.07,1.3172700000000002,1.31738,1.31716,1.3171700000000002,30,GBPUSD
465,2020.09.07,1.3171700000000002,1.31736,1.31708,1.3171,55,GBPUSD
466,2020.09.07,1.3170899999999999,1.31736,1.31703,1.3172700000000002,75,GBPUSD
467,2020.09.07,1.31726,1.31726,1.31712,1.3171700000000002,59,GBPUSD
468,2020.09.07,1.3171700000000002,1.3172,1.31702,1.3170600000000001,55,GBPUSD
469,2020.09.07,1.3170600000000001,1.3170600000000001,1.3168,1.31681,25,GBPUSD
470,2020.09.07,1.31681,1.31694,1.31679,1.31693,18,GBPUSD
471,2020.09.07,1.31693,1.31723,1.31687,1.31723,20,GBPUSD
472,2020.09.07,1.31723,1.31731,1.31715,1.3172,41,GBPUSD
473,2020.09.07,1.3172,1.31724,1.31712,1.31716,22,GBPUSD
474,2020.09.07,1.3171700000000002,1.31723,1.31716,1.3171700000000002,33,GBPUSD
475,2020.09.07,1.3171700000000002,1.3171700000000002,1.3170899999999999,1.3170899999999999,12,GBPUSD
476,2020.09.07,1.31714,1.31736,1.3170899999999999,1.31736,32,GBPUSD
477,2020.09.07,1.31735,1.3181,1.31735,1.31807,39,GBPUSD
478,2020.09.07,1.31807,1.31808,1.31778,1.31778,41,GBPUSD
479,2020.09.07,1.31779,1.31786,1.31772,1.31786,30,GBPUSD
480,2020.09.07,1.31786,1.31813,1.31785,1.31807,23,GBPUSD
481,2020.09.07,1.31807,1.31836,1.318,1.3181100000000001,45,GBPUSD
482,2020.09.07,1.3180399999999999,1.31813,1.3178,1.31785,41,GBPUSD
483,2020.09.07,1.31785,1.31794,1.3177299999999998,1.31785,34,GBPUSD
484,2020.09.07,1.31784,1.31789,1.31772,1.31774,54,GBPUSD
485,2020.09.07,1.31774,1.31787,1.31774,1.31778,22,GBPUSD
486,2020.09.07,1.31778,1.3178299999999998,1.3177,1.3177,8,GBPUSD
487,2020.09.07,1.3177,1.31784,1.3177,1.31778,24,GBPUSD
488,2020.09.07,1.31777,1.3178,1.3174,1.31746,28,GBPUSD
489,2020.09.07,1.31748,1.31778,1.31746,1.31768,36,GBPUSD
490,2020.09.07,1.31771,1.31778,1.3175,1.31777,67,GBPUSD
491,2020.09.07,1.31778,1.31784,1.31762,1.31766,44,GBPUSD
492,2020.09.07,1.3176700000000001,1.31784,1.31736,1.31777,72,GBPUSD
493,2020.09.07,1.31777,1.31788,1.31777,1.31787,31,GBPUSD
494,2020.09.07,1.31787,1.31813,1.31787,1.3181,35,GBPUSD
495,2020.09.07,1.3181,1.3181100000000001,1.3177,1.3177,25,GBPUSD
496,2020.09.07,1.3177,1.3177,1.31754,1.3176299999999999,17,GBPUSD
497,2020.09.07,1.3176299999999999,1.31766,1.3175299999999999,1.31756,17,GBPUSD
498,2020.09.07,1.31756,1.31762,1.31755,1.31755,13,GBPUSD
499,2020.09.07,1.31755,1.31755,1.3172700000000002,1.31734,16,GBPUSD
500,2020.09.07,1.31734,1.31735,1.31716,1.31718,27,GBPUSD
501,2020.09.07,1.31718,1.31718,1.31694,1.31695,12,GBPUSD
502,2020.09.07,1.31695,1.31695,1.31656,1.31667,36,GBPUSD
503,2020.09.07,1.31667,1.31677,1.31657,1.31667,33,GBPUSD
504,2020.09.07,1.31667,1.31694,1.31665,1.3168600000000001,28,GBPUSD
505,2020.09.07,1.31687,1.3169600000000001,1.31684,1.3169600000000001,9,GBPUSD
506,2020.09.07,1.31697,1.3172,1.3169600000000001,1.3171,18,GBPUSD
507,2020.09.07,1.3171,1.31712,1.31694,1.31694,19,GBPUSD
508,2020.09.07,1.31694,1.31705,1.31694,1.31704,9,GBPUSD
509,2020.09.07,1.31704,1.3170600000000001,1.31694,1.31694,16,GBPUSD
510,2020.09.07,1.31694,1.3169799999999998,1.31694,1.31695,13,GBPUSD
511,2020.09.07,1.31694,1.31712,1.31694,1.31705,14,GBPUSD
512,2020.09.07,1.31705,1.31705,1.31685,1.31685,12,GBPUSD
513,2020.09.07,1.31685,1.31685,1.3167200000000001,1.31674,18,GBPUSD
514,2020.09.07,1.31674,1.31679,1.3167200000000001,1.31673,22,GBPUSD
515,2020.09.07,1.31674,1.31674,1.31673,1.31674,7,GBPUSD
516,2020.09.07,1.31674,1.31674,1.31665,1.31665,12,GBPUSD
517,2020.09.07,1.31665,1.31665,1.31657,1.31657,10,GBPUSD
518,2020.09.07,1.31657,1.31657,1.31653,1.31656,13,GBPUSD
519,2020.09.07,1.31656,1.31664,1.31646,1.31647,17,GBPUSD
520,2020.09.07,1.31646,1.31654,1.31609,1.31625,23,GBPUSD
521,2020.09.07,1.31625,1.31643,1.31623,1.31628,25,GBPUSD
522,2020.09.07,1.31628,1.31637,1.31628,1.31629,24,GBPUSD
523,2020.09.07,1.31627,1.31633,1.3161,1.3161399999999999,18,GBPUSD
524,2020.09.07,1.3161399999999999,1.31623,1.31608,1.3161,25,GBPUSD
525,2020.09.07,1.3161,1.3161,1.3159299999999998,1.31595,26,GBPUSD
526,2020.09.07,1.31595,1.31595,1.31578,1.3158100000000001,32,GBPUSD
527,2020.09.07,1.31582,1.31608,1.31582,1.31608,23,GBPUSD
528,2020.09.07,1.31603,1.31603,1.3159100000000001,1.3159100000000001,18,GBPUSD
529,2020.09.07,1.3159100000000001,1.3159399999999999,1.31584,1.31585,19,GBPUSD
530,2020.09.07,1.31585,1.31592,1.3158100000000001,1.3158299999999998,21,GBPUSD
531,2020.09.07,1.3158299999999998,1.31585,1.3158,1.31584,12,GBPUSD
532,2020.09.07,1.31584,1.31592,1.3158,1.31592,16,GBPUSD
533,2020.09.07,1.31592,1.31599,1.31586,1.31588,16,GBPUSD
534,2020.09.07,1.31588,1.31588,1.31584,1.31587,10,GBPUSD
535,2020.09.07,1.31587,1.31587,1.31579,1.3158100000000001,17,GBPUSD
536,2020.09.07,1.3158100000000001,1.3158100000000001,1.31571,1.3157299999999998,14,GBPUSD
537,2020.09.07,1.3157299999999998,1.31575,1.3156700000000001,1.31575,28,GBPUSD
538,2020.09.07,1.31575,1.3158,1.31568,1.31571,27,GBPUSD
539,2020.09.07,1.31571,1.31577,1.31571,1.31574,9,GBPUSD
540,2020.09.07,1.31574,1.31574,1.31572,1.31572,4,GBPUSD
541,2020.09.07,1.31572,1.3158,1.31572,1.31572,27,GBPUSD
542,2020.09.07,1.31572,1.3157299999999998,1.31569,1.3157,17,GBPUSD
543,2020.09.07,1.3157,1.3157,1.3156700000000001,1.3156700000000001,5,GBPUSD
544,2020.09.07,1.3156700000000001,1.31569,1.31566,1.31566,7,GBPUSD
545,2020.09.07,1.31566,1.3157,1.31566,1.3156700000000001,8,GBPUSD
546,2020.09.07,1.31566,1.31574,1.31566,1.31574,7,GBPUSD
547,2020.09.07,1.31574,1.31582,1.31574,1.3158,13,GBPUSD
548,2020.09.07,1.3158,1.31602,1.3158,1.31602,11,GBPUSD
549,2020.09.07,1.31599,1.31606,1.3159399999999999,1.3160399999999999,26,GBPUSD
550,2020.09.07,1.3160399999999999,1.3161100000000001,1.31603,1.31606,13,GBPUSD
551,2020.09.07,1.31606,1.31621,1.31606,1.31617,17,GBPUSD
552,2020.09.07,1.31617,1.31617,1.31608,1.31608,13,GBPUSD
553,2020.09.07,1.31608,1.31608,1.31597,1.31597,12,GBPUSD
554,2020.09.07,1.31597,1.31606,1.31597,1.31606,11,GBPUSD
555,2020.09.07,1.31606,1.31606,1.3159299999999998,1.3160399999999999,13,GBPUSD
556,2020.09.07,1.3160399999999999,1.31609,1.31598,1.31608,22,GBPUSD
557,2020.09.07,1.31608,1.3162399999999999,1.3160399999999999,1.31621,35,GBPUSD
558,2020.09.07,1.3162200000000002,1.31626,1.31621,1.31625,20,GBPUSD
559,2020.09.07,1.3162399999999999,1.31636,1.3162399999999999,1.31634,20,GBPUSD
560,2020.09.07,1.31635,1.31641,1.3163200000000002,1.31641,13,GBPUSD
561,2020.09.07,1.3164,1.3164799999999999,1.3164,1.31647,19,GBPUSD
562,2020.09.07,1.31647,1.31649,1.31641,1.31649,24,GBPUSD
563,2020.09.07,1.31649,1.31655,1.3164799999999999,1.31653,13,GBPUSD
564,2020.09.07,1.31653,1.31669,1.31653,1.31667,29,GBPUSD
565,2020.09.07,1.31667,1.3168,1.31667,1.31679,23,GBPUSD
566,2020.09.07,1.31679,1.31685,1.31671,1.31675,18,GBPUSD
567,2020.09.07,1.31675,1.31677,1.31674,1.31674,12,GBPUSD
568,2020.09.07,1.31674,1.3168600000000001,1.31663,1.31663,41,GBPUSD
569,2020.09.07,1.31663,1.31675,1.31663,1.31675,20,GBPUSD
570,2020.09.07,1.31675,1.3168799999999998,1.3167200000000001,1.31681,23,GBPUSD
571,2020.09.07,1.31681,1.31681,1.31669,1.3167,14,GBPUSD
572,2020.09.07,1.3167,1.3167,1.3165799999999999,1.31663,19,GBPUSD
573,2020.09.07,1.31663,1.31665,1.3165799999999999,1.3166200000000001,19,GBPUSD
574,2020.09.07,1.3166200000000001,1.31666,1.31656,1.31664,17,GBPUSD
575,2020.09.07,1.31664,1.3167799999999998,1.31664,1.31674,11,GBPUSD
576,2020.09.07,1.31676,1.31677,1.31671,1.3167200000000001,16,GBPUSD
577,2020.09.07,1.31671,1.3167200000000001,1.3166,1.31663,28,GBPUSD
578,2020.09.07,1.31663,1.31663,1.31659,1.3166,11,GBPUSD
579,2020.09.07,1.3166,1.31666,1.3166,1.31666,4,GBPUSD
580,2020.09.07,1.31666,1.31674,1.31665,1.3167200000000001,15,GBPUSD
581,2020.09.07,1.3167200000000001,1.31701,1.3167200000000001,1.31697,27,GBPUSD
582,2020.09.07,1.3169600000000001,1.3169600000000001,1.31676,1.31676,15,GBPUSD
583,2020.09.07,1.31676,1.3168799999999998,1.31676,1.31687,7,GBPUSD
584,2020.09.07,1.3168600000000001,1.3168600000000001,1.31677,1.31677,8,GBPUSD
585,2020.09.07,1.31677,1.31677,1.3166799999999999,1.31669,19,GBPUSD
586,2020.09.07,1.31667,1.31676,1.31667,1.31674,11,GBPUSD
587,2020.09.07,1.31674,1.31684,1.31674,1.3167799999999998,20,GBPUSD
588,2020.09.07,1.3167799999999998,1.31679,1.31677,1.31677,11,GBPUSD
589,2020.09.07,1.31677,1.3168,1.31677,1.31677,11,GBPUSD
590,2020.09.07,1.31677,1.3168,1.31677,1.31677,11,GBPUSD
591,2020.09.07,1.31677,1.3168,1.31676,1.31677,17,GBPUSD
592,2020.09.07,1.3167799999999998,1.31685,1.31677,1.31684,12,GBPUSD
593,2020.09.07,1.31684,1.31691,1.31681,1.31685,26,GBPUSD
594,2020.09.07,1.31685,1.3169799999999998,1.31685,1.31693,11,GBPUSD
595,2020.09.07,1.31693,1.31695,1.31689,1.31692,15,GBPUSD
596,2020.09.07,1.31692,1.31697,1.31691,1.3169600000000001,21,GBPUSD
597,2020.09.07,1.31697,1.31702,1.31697,1.317,16,GBPUSD
598,2020.09.07,1.31697,1.31708,1.3169600000000001,1.3169899999999999,36,GBPUSD
599,2020.09.07,1.3169799999999998,1.3170899999999999,1.3169799999999998,1.3170899999999999,29,GBPUSD
600,2020.09.07,1.3170899999999999,1.3170899999999999,1.31707,1.3170899999999999,6,GBPUSD
601,2020.09.07,1.3170899999999999,1.3171,1.3170899999999999,1.3170899999999999,3,GBPUSD
602,2020.09.07,1.3170899999999999,1.3172,1.3170899999999999,1.3171700000000002,22,GBPUSD
603,2020.09.07,1.31718,1.31725,1.31718,1.3172,10,GBPUSD
604,2020.09.07,1.3172,1.3172,1.31718,1.3171899999999999,7,GBPUSD
605,2020.09.07,1.3171899999999999,1.3172,1.31715,1.31715,6,GBPUSD
606,2020.09.07,1.31715,1.3171700000000002,1.31715,1.31716,11,GBPUSD
607,2020.09.07,1.31716,1.31716,1.31708,1.3171,12,GBPUSD
608,2020.09.07,1.31713,1.31735,1.31711,1.31728,24,GBPUSD
609,2020.09.07,1.31728,1.31729,1.3172,1.3172,16,GBPUSD
610,2020.09.07,1.3172,1.31734,1.3171899999999999,1.31734,23,GBPUSD
611,2020.09.07,1.31736,1.31738,1.31729,1.31734,34,GBPUSD
612,2020.09.07,1.31734,1.3173700000000002,1.31718,1.31721,47,GBPUSD
613,2020.09.07,1.31721,1.31724,1.3172,1.31724,8,GBPUSD
614,2020.09.07,1.31725,1.3172700000000002,1.31722,1.3172700000000002,9,GBPUSD
615,2020.09.07,1.3172700000000002,1.31734,1.31726,1.31728,18,GBPUSD
616,2020.09.07,1.31728,1.31731,1.3171899999999999,1.31722,17,GBPUSD
617,2020.09.07,1.31722,1.31723,1.3171899999999999,1.3172,10,GBPUSD
618,2020.09.07,1.31722,1.31726,1.3172,1.31722,27,GBPUSD
619,2020.09.07,1.31722,1.31724,1.3171700000000002,1.31724,23,GBPUSD
620,2020.09.07,1.31725,1.31726,1.3169899999999999,1.31714,44,GBPUSD
621,2020.09.07,1.31714,1.3171700000000002,1.31711,1.31711,13,GBPUSD
622,2020.09.07,1.31711,1.31712,1.31707,1.3171,18,GBPUSD
623,2020.09.07,1.3170899999999999,1.31713,1.31707,1.3171,32,GBPUSD
624,2020.09.07,1.3170899999999999,1.31713,1.31705,1.31711,34,GBPUSD
625,2020.09.07,1.3170899999999999,1.31716,1.31697,1.3169799999999998,31,GBPUSD
626,2020.09.07,1.3169799999999998,1.31712,1.3169,1.3170600000000001,90,GBPUSD
627,2020.09.07,1.3170600000000001,1.31712,1.3169799999999998,1.31703,42,GBPUSD
628,2020.09.07,1.31704,1.31705,1.3168799999999998,1.317,50,GBPUSD
629,2020.09.07,1.317,1.317,1.31691,1.31693,22,GBPUSD
630,2020.09.07,1.31693,1.31693,1.31626,1.3166200000000001,89,GBPUSD
631,2020.09.07,1.3166200000000001,1.3171899999999999,1.31628,1.31682,126,GBPUSD
632,2020.09.07,1.31682,1.31718,1.3166799999999999,1.3168,86,GBPUSD
633,2020.09.07,1.3168,1.31685,1.31663,1.31677,150,GBPUSD
634,2020.09.07,1.31677,1.3168600000000001,1.31665,1.31679,136,GBPUSD
635,2020.09.07,1.31679,1.31683,1.31666,1.31679,143,GBPUSD
636,2020.09.07,1.31673,1.31681,1.31645,1.31651,132,GBPUSD
637,2020.09.07,1.31651,1.3166799999999999,1.31647,1.3166,99,GBPUSD
638,2020.09.07,1.31661,1.31685,1.3165799999999999,1.31673,84,GBPUSD
639,2020.09.07,1.31673,1.31673,1.31631,1.31671,58,GBPUSD
640,2020.09.07,1.31671,1.31675,1.3164,1.31655,53,GBPUSD
641,2020.09.07,1.31656,1.3166799999999999,1.3164200000000001,1.31654,58,GBPUSD
642,2020.09.07,1.31654,1.3166200000000001,1.31654,1.3165799999999999,47,GBPUSD
643,2020.09.07,1.3165799999999999,1.31663,1.3165,1.31654,15,GBPUSD
644,2020.09.07,1.31654,1.31663,1.31636,1.3166200000000001,51,GBPUSD
645,2020.09.07,1.31663,1.3167,1.31656,1.31661,32,GBPUSD
646,2020.09.07,1.31661,1.31677,1.31657,1.31676,33,GBPUSD
647,2020.09.07,1.31676,1.31694,1.31671,1.31694,21,GBPUSD
648,2020.09.07,1.31694,1.3171899999999999,1.3168799999999998,1.31707,78,GBPUSD
649,2020.09.07,1.31707,1.31708,1.3169899999999999,1.31704,101,GBPUSD
650,2020.09.07,1.31704,1.3170600000000001,1.31702,1.31705,106,GBPUSD
651,2020.09.07,1.31704,1.31707,1.31701,1.31703,104,GBPUSD
652,2020.09.07,1.31704,1.31704,1.31656,1.31693,105,GBPUSD
653,2020.09.07,1.31693,1.31705,1.31693,1.31701,28,GBPUSD
654,2020.09.07,1.31703,1.31703,1.31697,1.3169899999999999,24,GBPUSD
655,2020.09.07,1.3169899999999999,1.31705,1.3169600000000001,1.3169799999999998,24,GBPUSD
656,2020.09.07,1.3169799999999998,1.31702,1.3169,1.3169,24,GBPUSD
657,2020.09.07,1.3169,1.31695,1.31684,1.31684,27,GBPUSD
658,2020.09.07,1.3168600000000001,1.3168799999999998,1.31684,1.31685,18,GBPUSD
659,2020.09.07,1.31684,1.3169,1.31683,1.31687,31,GBPUSD
660,2020.09.07,1.31687,1.3168799999999998,1.31683,1.31687,12,GBPUSD
661,2020.09.07,1.3168799999999998,1.31692,1.3168600000000001,1.3169,20,GBPUSD
662,2020.09.07,1.3169,1.31693,1.31689,1.31689,10,GBPUSD
663,2020.09.07,1.3169,1.3169600000000001,1.3165799999999999,1.31664,79,GBPUSD
664,2020.09.07,1.31664,1.31669,1.3166200000000001,1.31667,13,GBPUSD
665,2020.09.07,1.3166799999999999,1.31679,1.31653,1.31654,137,GBPUSD
666,2020.09.07,1.31654,1.31671,1.31654,1.31666,74,GBPUSD
667,2020.09.07,1.31666,1.31683,1.31664,1.31664,20,GBPUSD
668,2020.09.07,1.31664,1.31667,1.31663,1.31666,18,GBPUSD
669,2020.09.07,1.31666,1.31666,1.3166200000000001,1.3166200000000001,9,GBPUSD
670,2020.09.07,1.3166200000000001,1.3166200000000001,1.31654,1.31655,16,GBPUSD
671,2020.09.07,1.31655,1.31659,1.3164,1.31657,34,GBPUSD
672,2020.09.07,1.31657,1.31657,1.31645,1.31653,44,GBPUSD
673,2020.09.07,1.31653,1.31654,1.3165,1.31654,11,GBPUSD
674,2020.09.07,1.31654,1.31673,1.3165200000000001,1.31666,46,GBPUSD
675,2020.09.07,1.31667,1.31671,1.31656,1.31661,34,GBPUSD
676,2020.09.07,1.3166200000000001,1.31667,1.31649,1.31653,36,GBPUSD
677,2020.09.07,1.3165200000000001,1.3166,1.3163200000000002,1.31651,36,GBPUSD
678,2020.09.07,1.31651,1.3165200000000001,1.31647,1.3165200000000001,16,GBPUSD
679,2020.09.07,1.31651,1.31651,1.31647,1.31647,14,GBPUSD
680,2020.09.07,1.31647,1.31655,1.31647,1.3165200000000001,19,GBPUSD
681,2020.09.07,1.3165200000000001,1.31659,1.31651,1.31653,21,GBPUSD
682,2020.09.07,1.31653,1.31659,1.31653,1.3165799999999999,28,GBPUSD
683,2020.09.07,1.3165799999999999,1.31659,1.31656,1.3165799999999999,13,GBPUSD
684,2020.09.07,1.3165799999999999,1.3166200000000001,1.31655,1.31659,63,GBPUSD
685,2020.09.07,1.3166,1.31661,1.31656,1.31659,52,GBPUSD
686,2020.09.07,1.3166,1.31661,1.3165799999999999,1.3166,40,GBPUSD
687,2020.09.07,1.31659,1.3166200000000001,1.31656,1.31656,33,GBPUSD
688,2020.09.07,1.31656,1.3166,1.31654,1.3165799999999999,31,GBPUSD
689,2020.09.07,1.3165799999999999,1.3166,1.31633,1.31653,41,GBPUSD
690,2020.09.07,1.3165200000000001,1.31661,1.3165200000000001,1.31653,33,GBPUSD
691,2020.09.07,1.31654,1.31663,1.3165200000000001,1.3166200000000001,39,GBPUSD
692,2020.09.07,1.31661,1.31663,1.3165200000000001,1.3165200000000001,22,GBPUSD
693,2020.09.07,1.3165200000000001,1.31654,1.3165200000000001,1.3165200000000001,6,GBPUSD
694,2020.09.07,1.3165200000000001,1.3165200000000001,1.3165200000000001,1.3165200000000001,1,GBPUSD
695,2020.09.07,1.3165200000000001,1.3165200000000001,1.3165200000000001,1.3165200000000001,1,GBPUSD
696,2020.09.07,1.3165200000000001,1.31657,1.3164,1.31651,31,GBPUSD
697,2020.09.07,1.31651,1.31659,1.31651,1.31654,14,GBPUSD
698,2020.09.07,1.31654,1.31655,1.3165200000000001,1.3165200000000001,13,GBPUSD
699,2020.09.07,1.3165200000000001,1.31657,1.3165200000000001,1.3165200000000001,12,GBPUSD
700,2020.09.07,1.3165200000000001,1.3165200000000001,1.3164,1.3165200000000001,11,GBPUSD
701,2020.09.07,1.3165200000000001,1.3165200000000001,1.3165200000000001,1.3165200000000001,1,GBPUSD
702,2020.09.07,1.3165200000000001,1.3165200000000001,1.3165200000000001,1.3165200000000001,1,GBPUSD
703,2020.09.07,1.3165200000000001,1.31654,1.3165200000000001,1.31654,2,GBPUSD
704,2020.09.07,1.31654,1.3165799999999999,1.31654,1.31657,13,GBPUSD
705,2020.09.07,1.31657,1.31693,1.31657,1.3167799999999998,49,GBPUSD
706,2020.09.07,1.3167799999999998,1.31679,1.31675,1.31675,42,GBPUSD
707,2020.09.07,1.31677,1.31679,1.3166799999999999,1.31677,25,GBPUSD
708,2020.09.07,1.31677,1.3167799999999998,1.31671,1.31675,47,GBPUSD
709,2020.09.07,1.31676,1.31693,1.31671,1.31681,56,GBPUSD
710,2020.09.07,1.31673,1.31685,1.31673,1.31673,29,GBPUSD
711,2020.09.07,1.31675,1.31684,1.31671,1.31676,26,GBPUSD
712,2020.09.07,1.31676,1.31681,1.31676,1.31679,28,GBPUSD
713,2020.09.07,1.31679,1.31684,1.31677,1.31682,73,GBPUSD
714,2020.09.07,1.3168,1.31682,1.31676,1.31679,52,GBPUSD
715,2020.09.07,1.31679,1.31681,1.31674,1.31679,56,GBPUSD
716,2020.09.07,1.3167799999999998,1.31681,1.31675,1.3167799999999998,49,GBPUSD
717,2020.09.07,1.3167799999999998,1.31682,1.31676,1.3168,41,GBPUSD
718,2020.09.07,1.3167799999999998,1.3168,1.3167799999999998,1.3167799999999998,17,GBPUSD
719,2020.09.07,1.3167799999999998,1.31683,1.31676,1.31677,28,GBPUSD
720,2020.09.07,1.31677,1.31679,1.3164799999999999,1.31665,40,GBPUSD
721,2020.09.07,1.31665,1.3167,1.31657,1.3165799999999999,14,GBPUSD
722,2020.09.07,1.31659,1.31663,1.31655,1.31657,7,GBPUSD
723,2020.09.07,1.31657,1.31657,1.31656,1.31656,6,GBPUSD
724,2020.09.07,1.31656,1.31657,1.31656,1.31657,2,GBPUSD
725,2020.09.07,1.31657,1.31657,1.31653,1.31657,8,GBPUSD
726,2020.09.07,1.31657,1.3166799999999999,1.31657,1.31663,26,GBPUSD
727,2020.09.07,1.31663,1.31675,1.31663,1.31674,20,GBPUSD
728,2020.09.07,1.31674,1.31675,1.31671,1.31674,9,GBPUSD
729,2020.09.07,1.31674,1.31674,1.3165200000000001,1.31674,24,GBPUSD
730,2020.09.07,1.31676,1.3168,1.3166,1.3167,19,GBPUSD
731,2020.09.07,1.3167,1.31675,1.31669,1.3167200000000001,32,GBPUSD
732,2020.09.07,1.3167200000000001,1.31684,1.3166200000000001,1.3166200000000001,35,GBPUSD
733,2020.09.07,1.3166200000000001,1.3166200000000001,1.31639,1.31639,15,GBPUSD
734,2020.09.07,1.31641,1.3166,1.31641,1.31649,13,GBPUSD
735,2020.09.07,1.31649,1.31649,1.31649,1.31649,1,GBPUSD
736,2020.09.07,1.31649,1.31651,1.31645,1.31645,7,GBPUSD
737,2020.09.07,1.31644,1.31655,1.3164200000000001,1.3165200000000001,10,GBPUSD
738,2020.09.07,1.3165200000000001,1.3165200000000001,1.31647,1.31647,4,GBPUSD
739,2020.09.07,1.31647,1.31647,1.31647,1.31647,1,GBPUSD
740,2020.09.07,1.31647,1.31683,1.31647,1.31681,41,GBPUSD
741,2020.09.07,1.31681,1.31681,1.31671,1.3168,21,GBPUSD
742,2020.09.07,1.3168,1.31681,1.31665,1.31665,15,GBPUSD
743,2020.09.07,1.31665,1.31665,1.31665,1.31665,1,GBPUSD
744,2020.09.07,1.31665,1.31665,1.31663,1.31663,3,GBPUSD
745,2020.09.07,1.31663,1.31663,1.31663,1.31663,1,GBPUSD
746,2020.09.07,1.31663,1.31667,1.31663,1.31663,6,GBPUSD
747,2020.09.07,1.31663,1.31669,1.3166200000000001,1.31669,11,GBPUSD
748,2020.09.07,1.31669,1.31669,1.31653,1.31653,7,GBPUSD
749,2020.09.07,1.31653,1.3166,1.31653,1.31657,4,GBPUSD
750,2020.09.07,1.31657,1.31657,1.31656,1.31656,2,GBPUSD
751,2020.09.07,1.31656,1.31657,1.31656,1.31657,2,GBPUSD
752,2020.09.07,1.31657,1.3165799999999999,1.31657,1.3165799999999999,2,GBPUSD
753,2020.09.07,1.3165799999999999,1.3165799999999999,1.3165799999999999,1.3165799999999999,1,GBPUSD
754,2020.09.07,1.3165799999999999,1.3165799999999999,1.3165799999999999,1.3165799999999999,1,GBPUSD
755,2020.09.07,1.3165799999999999,1.3165799999999999,1.3165799999999999,1.3165799999999999,1,GBPUSD
756,2020.09.07,1.3165799999999999,1.3165799999999999,1.3165799999999999,1.3165799999999999,1,GBPUSD
757,2020.09.07,1.3165799999999999,1.3165799999999999,1.3165799999999999,1.3165799999999999,1,GBPUSD
758,2020.09.07,1.3165799999999999,1.31677,1.3165799999999999,1.31677,10,GBPUSD
759,2020.09.07,1.31677,1.3168799999999998,1.31664,1.31665,46,GBPUSD
760,2020.09.07,1.31665,1.31667,1.3166200000000001,1.31664,20,GBPUSD
761,2020.09.07,1.31664,1.31665,1.3166200000000001,1.31664,11,GBPUSD
762,2020.09.07,1.31664,1.31665,1.3165799999999999,1.31664,15,GBPUSD
763,2020.09.07,1.31663,1.31664,1.31661,1.3166200000000001,12,GBPUSD
764,2020.09.07,1.3166200000000001,1.31669,1.3166200000000001,1.3166799999999999,21,GBPUSD
765,2020.09.07,1.3166799999999999,1.31679,1.31665,1.31673,24,GBPUSD
766,2020.09.07,1.31673,1.31674,1.3167200000000001,1.3167200000000001,5,GBPUSD
767,2020.09.07,1.3167200000000001,1.31676,1.31671,1.31676,6,GBPUSD
768,2020.09.07,1.31676,1.3168799999999998,1.31675,1.3168799999999998,18,GBPUSD
769,2020.09.07,1.3167200000000001,1.31684,1.31665,1.31673,24,GBPUSD
770,2020.09.07,1.31674,1.31675,1.31674,1.31674,5,GBPUSD
771,2020.09.07,1.31674,1.31675,1.3167200000000001,1.31675,5,GBPUSD
772,2020.09.07,1.31675,1.31677,1.31673,1.31675,10,GBPUSD
773,2020.09.07,1.31664,1.31691,1.31664,1.3168,67,GBPUSD
774,2020.09.07,1.3168,1.31681,1.31671,1.3168,55,GBPUSD
775,2020.09.07,1.3168,1.31684,1.31673,1.31681,58,GBPUSD
776,2020.09.07,1.3168,1.31692,1.3167200000000001,1.3168,58,GBPUSD
777,2020.09.07,1.31679,1.31681,1.31675,1.3167799999999998,57,GBPUSD
778,2020.09.07,1.3167799999999998,1.31683,1.31677,1.31682,21,GBPUSD
779,2020.09.07,1.31682,1.31687,1.31681,1.31684,26,GBPUSD
780,2020.09.07,1.31684,1.31687,1.3167799999999998,1.31687,16,GBPUSD
781,2020.09.07,1.31687,1.3168799999999998,1.31676,1.31684,24,GBPUSD
782,2020.09.07,1.31684,1.31687,1.31676,1.3168600000000001,29,GBPUSD
783,2020.09.07,1.31685,1.31685,1.31683,1.31684,10,GBPUSD
784,2020.09.07,1.31684,1.3168600000000001,1.31683,1.3168600000000001,10,GBPUSD
785,2020.09.07,1.3168600000000001,1.3168799999999998,1.31681,1.31684,17,GBPUSD
786,2020.09.07,1.31684,1.3168799999999998,1.31677,1.31687,11,GBPUSD
787,2020.09.07,1.3168600000000001,1.3169,1.31674,1.31685,12,GBPUSD
788,2020.09.07,1.31685,1.3168600000000001,1.31685,1.31685,3,GBPUSD
789,2020.09.07,1.31685,1.31685,1.31674,1.31683,20,GBPUSD
790,2020.09.07,1.31683,1.3168600000000001,1.3167799999999998,1.31684,22,GBPUSD
791,2020.09.07,1.31684,1.31685,1.31631,1.31654,59,GBPUSD
792,2020.09.07,1.31654,1.31682,1.3164,1.3165799999999999,99,GBPUSD
793,2020.09.07,1.3165799999999999,1.31661,1.3164,1.31649,73,GBPUSD
794,2020.09.07,1.3165,1.3166799999999999,1.3164,1.3166799999999999,108,GBPUSD
795,2020.09.07,1.31669,1.3167200000000001,1.31665,1.3167,45,GBPUSD
796,2020.09.07,1.3167,1.3167200000000001,1.31659,1.31666,23,GBPUSD
797,2020.09.07,1.31666,1.3168799999999998,1.31656,1.31681,60,GBPUSD
798,2020.09.07,1.31681,1.3169,1.3167799999999998,1.31685,31,GBPUSD
799,2020.09.07,1.3168799999999998,1.3168799999999998,1.3168,1.31682,47,GBPUSD
800,2020.09.07,1.31682,1.31683,1.31681,1.31683,6,GBPUSD
801,2020.09.07,1.31683,1.31684,1.31683,1.31683,5,GBPUSD
802,2020.09.07,1.31683,1.31687,1.31683,1.3168600000000001,5,GBPUSD
803,2020.09.07,1.31694,1.3169600000000001,1.3169,1.31693,10,GBPUSD
804,2020.09.07,1.31692,1.31692,1.31689,1.31689,5,GBPUSD
805,2020.09.07,1.31689,1.3169,1.31689,1.3169,2,GBPUSD
806,2020.09.07,1.3169,1.31691,1.31689,1.31691,16,GBPUSD
807,2020.09.07,1.31691,1.31692,1.3168799999999998,1.3168799999999998,13,GBPUSD
808,2020.09.07,1.3168799999999998,1.3169,1.3168600000000001,1.31687,9,GBPUSD
809,2020.09.07,1.31687,1.31687,1.3168600000000001,1.3168600000000001,2,GBPUSD
810,2020.09.07,1.3168600000000001,1.3168600000000001,1.3168600000000001,1.3168600000000001,1,GBPUSD
811,2020.09.07,1.3168600000000001,1.3168600000000001,1.3168600000000001,1.3168600000000001,1,GBPUSD
812,2020.09.07,1.3168600000000001,1.3168600000000001,1.3168600000000001,1.3168600000000001,1,GBPUSD
813,2020.09.07,1.3168600000000001,1.3168600000000001,1.3168600000000001,1.3168600000000001,1,GBPUSD
814,2020.09.07,1.3168600000000001,1.3168600000000001,1.3168600000000001,1.3168600000000001,1,GBPUSD
815,2020.09.07,1.3168600000000001,1.3168600000000001,1.31685,1.31685,2,GBPUSD
816,2020.09.07,1.31685,1.31685,1.31685,1.31685,1,GBPUSD
817,2020.09.07,1.31685,1.31685,1.31684,1.31684,2,GBPUSD
818,2020.09.07,1.31684,1.31689,1.31684,1.31684,3,GBPUSD
819,2020.09.07,1.31684,1.31684,1.31684,1.31684,1,GBPUSD
820,2020.09.07,1.31684,1.31684,1.31684,1.31684,1,GBPUSD
821,2020.09.07,1.31684,1.31684,1.31675,1.31675,4,GBPUSD
822,2020.09.07,1.31675,1.31675,1.31671,1.31671,5,GBPUSD
823,2020.09.07,1.31671,1.31671,1.3167,1.3167,2,GBPUSD
824,2020.09.07,1.3167,1.31679,1.3166799999999999,1.31679,7,GBPUSD
825,2020.09.07,1.31679,1.31679,1.31679,1.31679,1,GBPUSD
826,2020.09.07,1.31679,1.31679,1.31679,1.31679,1,GBPUSD
827,2020.09.07,1.31679,1.31679,1.31679,1.31679,1,GBPUSD
828,2020.09.07,1.31679,1.31679,1.31679,1.31679,1,GBPUSD
829,2020.09.07,1.31679,1.31679,1.3167799999999998,1.3167799999999998,2,GBPUSD
830,2020.09.07,1.3167799999999998,1.3167799999999998,1.3167,1.3167,3,GBPUSD
831,2020.09.07,1.3167,1.3167,1.3167,1.3167,1,GBPUSD
832,2020.09.07,1.3167,1.31673,1.3167,1.31673,4,GBPUSD
833,2020.09.07,1.31673,1.31673,1.31643,1.31643,5,GBPUSD
834,2020.09.07,1.31643,1.31647,1.3164,1.31647,9,GBPUSD
835,2020.09.07,1.31647,1.3164799999999999,1.3164,1.3164799999999999,16,GBPUSD
836,2020.09.07,1.3164799999999999,1.3166200000000001,1.3164,1.3164200000000001,7,GBPUSD
837,2020.09.07,1.3164200000000001,1.3166200000000001,1.3164200000000001,1.3165799999999999,10,GBPUSD
838,2020.09.07,1.31657,1.31657,1.3164799999999999,1.31649,5,GBPUSD
839,2020.09.07,1.31653,1.31657,1.31635,1.31636,13,GBPUSD
840,2020.09.07,1.3165200000000001,1.31661,1.31636,1.31637,14,GBPUSD
841,2020.09.07,1.31637,1.31651,1.31628,1.31637,9,GBPUSD
842,2020.09.07,1.31629,1.3163799999999999,1.31629,1.31633,11,GBPUSD
843,2020.09.07,1.31639,1.31639,1.31631,1.31633,9,GBPUSD
844,2020.09.07,1.31636,1.31669,1.3163,1.31667,15,GBPUSD
845,2020.09.07,1.31666,1.31671,1.31636,1.3163799999999999,18,GBPUSD
846,2020.09.07,1.31639,1.3164,1.31635,1.31635,10,GBPUSD
847,2020.09.07,1.31633,1.31639,1.31625,1.31627,5,GBPUSD
848,2020.09.07,1.31636,1.3164,1.31627,1.3164,8,GBPUSD
849,2020.09.07,1.31639,1.31643,1.31633,1.31633,12,GBPUSD
850,2020.09.07,1.31633,1.31645,1.31633,1.31633,4,GBPUSD
851,2020.09.07,1.31633,1.31651,1.3161,1.31619,13,GBPUSD
852,2020.09.08,1.31618,1.31631,1.31602,1.31631,11,GBPUSD
853,2020.09.08,1.31627,1.31627,1.31616,1.31621,3,GBPUSD
854,2020.09.08,1.31621,1.31621,1.31613,1.31613,4,GBPUSD
855,2020.09.08,1.31598,1.31677,1.31598,1.31605,16,GBPUSD
856,2020.09.08,1.31645,1.31646,1.31645,1.31646,2,GBPUSD
857,2020.09.08,1.3164799999999999,1.3165200000000001,1.3162,1.3163,7,GBPUSD
858,2020.09.08,1.31715,1.31715,1.3162,1.3162200000000002,4,GBPUSD
859,2020.09.08,1.3163,1.31637,1.3158,1.31637,9,GBPUSD
860,2020.09.08,1.31633,1.31634,1.3161100000000001,1.3162,10,GBPUSD
861,2020.09.08,1.3162,1.31625,1.31572,1.31625,9,GBPUSD
862,2020.09.08,1.31626,1.31629,1.31625,1.31628,11,GBPUSD
863,2020.09.08,1.31627,1.31627,1.31603,1.31609,11,GBPUSD
864,2020.09.08,1.3159299999999998,1.31617,1.31589,1.31603,21,GBPUSD
865,2020.09.08,1.3160399999999999,1.3161399999999999,1.3158299999999998,1.31605,6,GBPUSD
866,2020.09.08,1.31606,1.31616,1.31606,1.31616,7,GBPUSD
867,2020.09.08,1.31582,1.3169799999999998,1.31582,1.31613,19,GBPUSD
868,2020.09.08,1.31613,1.31694,1.31613,1.3166200000000001,10,GBPUSD
869,2020.09.08,1.3167,1.31683,1.31626,1.31667,5,GBPUSD
870,2020.09.08,1.3164799999999999,1.31705,1.3164799999999999,1.3164799999999999,4,GBPUSD
871,2020.09.08,1.31617,1.31643,1.31595,1.31617,12,GBPUSD
872,2020.09.08,1.31636,1.31637,1.31617,1.31636,5,GBPUSD
873,2020.09.08,1.31617,1.3162200000000002,1.31617,1.31617,5,GBPUSD
874,2020.09.08,1.31617,1.31619,1.3159399999999999,1.31618,6,GBPUSD
875,2020.09.08,1.31618,1.31621,1.31603,1.31621,9,GBPUSD
876,2020.09.08,1.31595,1.3162,1.3159100000000001,1.3162,7,GBPUSD
877,2020.09.08,1.31602,1.3162200000000002,1.3159,1.3161,25,GBPUSD
878,2020.09.08,1.3161,1.3163,1.31596,1.31608,9,GBPUSD
879,2020.09.08,1.31595,1.31608,1.31595,1.31608,4,GBPUSD
880,2020.09.08,1.31618,1.31619,1.31602,1.31602,7,GBPUSD
881,2020.09.08,1.31608,1.31636,1.31608,1.31636,8,GBPUSD
882,2020.09.08,1.31636,1.3164200000000001,1.31621,1.31621,16,GBPUSD
883,2020.09.08,1.31621,1.31621,1.31615,1.31616,12,GBPUSD
884,2020.09.08,1.31616,1.31621,1.3161100000000001,1.31619,12,GBPUSD
885,2020.09.08,1.31619,1.31621,1.31616,1.31616,7,GBPUSD
886,2020.09.08,1.31615,1.3167200000000001,1.31615,1.3167200000000001,19,GBPUSD
887,2020.09.08,1.3167200000000001,1.3168799999999998,1.3167200000000001,1.31677,17,GBPUSD
888,2020.09.08,1.31677,1.31677,1.31654,1.31654,20,GBPUSD
889,2020.09.08,1.31656,1.31663,1.31636,1.31645,11,GBPUSD
890,2020.09.08,1.31645,1.31659,1.31636,1.3164200000000001,6,GBPUSD
891,2020.09.08,1.3164200000000001,1.3164200000000001,1.31595,1.31627,13,GBPUSD
892,2020.09.08,1.31627,1.31627,1.31575,1.31575,7,GBPUSD
893,2020.09.08,1.31619,1.31619,1.31608,1.3161399999999999,5,GBPUSD
894,2020.09.08,1.3161399999999999,1.3161399999999999,1.3161399999999999,1.3161399999999999,1,GBPUSD
895,2020.09.08,1.31607,1.31631,1.31602,1.31631,7,GBPUSD
896,2020.09.08,1.31631,1.31643,1.3161200000000002,1.31637,79,GBPUSD
897,2020.09.08,1.31636,1.31637,1.31608,1.31631,102,GBPUSD
898,2020.09.08,1.31631,1.31645,1.31613,1.31639,77,GBPUSD
899,2020.09.08,1.3164200000000001,1.31649,1.31617,1.31645,249,GBPUSD
900,2020.09.08,1.3164200000000001,1.3164799999999999,1.31617,1.31644,290,GBPUSD
901,2020.09.08,1.31643,1.31649,1.31607,1.31637,45,GBPUSD
902,2020.09.08,1.31637,1.31649,1.31617,1.31643,40,GBPUSD
903,2020.09.08,1.31646,1.31649,1.31621,1.31645,47,GBPUSD
904,2020.09.08,1.31644,1.3165,1.31619,1.31649,155,GBPUSD
905,2020.09.08,1.31644,1.31653,1.31626,1.31653,108,GBPUSD
906,2020.09.08,1.31653,1.31653,1.3162399999999999,1.31651,25,GBPUSD
907,2020.09.08,1.31651,1.31653,1.3162399999999999,1.3165200000000001,19,GBPUSD
908,2020.09.08,1.3165200000000001,1.31654,1.31625,1.31651,27,GBPUSD
909,2020.09.08,1.31651,1.31651,1.316,1.31623,4,GBPUSD
910,2020.09.08,1.31623,1.31623,1.31597,1.3162200000000002,3,GBPUSD
911,2020.09.08,1.3162200000000002,1.3166799999999999,1.3160399999999999,1.31629,45,GBPUSD
912,2020.09.08,1.31636,1.31644,1.31607,1.31617,51,GBPUSD
913,2020.09.08,1.31617,1.31649,1.3161399999999999,1.3164,54,GBPUSD
914,2020.09.08,1.3164,1.31647,1.31627,1.31643,19,GBPUSD
915,2020.09.08,1.31643,1.31643,1.31617,1.31641,27,GBPUSD
916,2020.09.08,1.31637,1.31639,1.3161,1.31619,24,GBPUSD
917,2020.09.08,1.31619,1.31621,1.31615,1.3162,12,GBPUSD
918,2020.09.08,1.3162,1.31621,1.3160100000000001,1.31609,23,GBPUSD
919,2020.09.08,1.3161,1.3161100000000001,1.31609,1.3161,7,GBPUSD
920,2020.09.08,1.3161,1.31626,1.3161,1.3161100000000001,6,GBPUSD
921,2020.09.08,1.3161100000000001,1.3163,1.3161100000000001,1.3163,13,GBPUSD
922,2020.09.08,1.3163,1.31636,1.31629,1.31633,6,GBPUSD
923,2020.09.08,1.31633,1.31641,1.3162399999999999,1.31633,17,GBPUSD
924,2020.09.08,1.31633,1.31646,1.31633,1.31645,10,GBPUSD
925,2020.09.08,1.31645,1.31656,1.3164200000000001,1.31655,5,GBPUSD
926,2020.09.08,1.3165200000000001,1.3165200000000001,1.3161100000000001,1.31616,35,GBPUSD
927,2020.09.08,1.3161100000000001,1.31613,1.316,1.31603,5,GBPUSD
928,2020.09.08,1.31603,1.31603,1.31602,1.31602,2,GBPUSD
929,2020.09.08,1.31602,1.31602,1.3160100000000001,1.31602,3,GBPUSD
930,2020.09.08,1.31602,1.31605,1.3160100000000001,1.31602,7,GBPUSD
931,2020.09.08,1.31602,1.31607,1.3159299999999998,1.31607,7,GBPUSD
932,2020.09.08,1.31607,1.3162399999999999,1.31605,1.31616,11,GBPUSD
933,2020.09.08,1.31616,1.31641,1.31615,1.31635,9,GBPUSD
934,2020.09.08,1.3165,1.3165200000000001,1.3164,1.31644,12,GBPUSD
935,2020.09.08,1.31644,1.3165,1.31643,1.3165,7,GBPUSD
936,2020.09.08,1.31656,1.31656,1.31655,1.31655,4,GBPUSD
937,2020.09.08,1.31655,1.3165799999999999,1.31654,1.3165799999999999,6,GBPUSD
938,2020.09.08,1.3165799999999999,1.31669,1.31656,1.31657,8,GBPUSD
939,2020.09.08,1.31657,1.3166200000000001,1.31657,1.3166200000000001,4,GBPUSD
940,2020.09.08,1.3166200000000001,1.3166799999999999,1.3166200000000001,1.31663,5,GBPUSD
941,2020.09.08,1.31663,1.31671,1.3165200000000001,1.31653,26,GBPUSD
942,2020.09.08,1.3165,1.31655,1.31647,1.31654,28,GBPUSD
943,2020.09.08,1.31653,1.31663,1.31653,1.31663,24,GBPUSD
944,2020.09.08,1.3166200000000001,1.3167,1.3166200000000001,1.3166799999999999,8,GBPUSD
945,2020.09.08,1.31669,1.31683,1.31669,1.31679,15,GBPUSD
946,2020.09.08,1.31679,1.31683,1.31673,1.31676,11,GBPUSD
947,2020.09.08,1.31676,1.3168,1.31674,1.3167799999999998,8,GBPUSD
948,2020.09.08,1.3167799999999998,1.3167799999999998,1.31677,1.3167799999999998,3,GBPUSD
949,2020.09.08,1.3167799999999998,1.3167799999999998,1.31675,1.31675,3,GBPUSD
950,2020.09.08,1.31674,1.31677,1.31669,1.31674,8,GBPUSD
951,2020.09.08,1.31674,1.31674,1.31667,1.31674,8,GBPUSD
952,2020.09.08,1.31674,1.31674,1.31674,1.31674,1,GBPUSD
953,2020.09.08,1.31674,1.31674,1.31667,1.31674,14,GBPUSD
954,2020.09.08,1.31674,1.31674,1.3166799999999999,1.3166799999999999,6,GBPUSD
955,2020.09.08,1.3166799999999999,1.3166799999999999,1.31667,1.3166799999999999,3,GBPUSD
956,2020.09.08,1.31674,1.31674,1.3167200000000001,1.3167200000000001,4,GBPUSD
957,2020.09.08,1.3167200000000001,1.31674,1.31671,1.31674,9,GBPUSD
958,2020.09.08,1.31674,1.31674,1.3167200000000001,1.3167200000000001,9,GBPUSD
959,2020.09.08,1.3167200000000001,1.31674,1.3166799999999999,1.31671,10,GBPUSD
960,2020.09.08,1.3167,1.31674,1.3167,1.31674,5,GBPUSD
961,2020.09.08,1.31674,1.31674,1.3167,1.31671,5,GBPUSD
962,2020.09.08,1.31671,1.31675,1.3167,1.31674,6,GBPUSD
963,2020.09.08,1.31674,1.31674,1.3167200000000001,1.3167200000000001,2,GBPUSD
964,2020.09.08,1.3167200000000001,1.3167200000000001,1.3167200000000001,1.3167200000000001,1,GBPUSD
965,2020.09.08,1.3167200000000001,1.3167200000000001,1.31664,1.31664,6,GBPUSD
966,2020.09.08,1.31664,1.31671,1.31664,1.31664,5,GBPUSD
967,2020.09.08,1.31664,1.31664,1.31654,1.31655,6,GBPUSD
968,2020.09.08,1.3166,1.3166,1.31653,1.31655,10,GBPUSD
969,2020.09.08,1.31655,1.31664,1.31655,1.31664,3,GBPUSD
970,2020.09.08,1.31664,1.31665,1.3166200000000001,1.31665,6,GBPUSD
971,2020.09.08,1.31665,1.31671,1.31635,1.3164799999999999,42,GBPUSD
972,2020.09.08,1.3164799999999999,1.31655,1.31647,1.3164799999999999,9,GBPUSD
973,2020.09.08,1.3164799999999999,1.31656,1.3164799999999999,1.31656,8,GBPUSD
974,2020.09.08,1.31657,1.31674,1.31657,1.3167200000000001,20,GBPUSD
975,2020.09.08,1.3167200000000001,1.31674,1.3166799999999999,1.31674,8,GBPUSD
976,2020.09.08,1.31673,1.31673,1.31654,1.31654,12,GBPUSD
977,2020.09.08,1.31654,1.3165799999999999,1.31654,1.3165799999999999,4,GBPUSD
978,2020.09.08,1.3165799999999999,1.31669,1.31646,1.31664,25,GBPUSD
979,2020.09.08,1.31664,1.31664,1.31635,1.31636,13,GBPUSD
980,2020.09.08,1.31636,1.31637,1.31636,1.31636,5,GBPUSD
981,2020.09.08,1.31636,1.31649,1.31636,1.31646,9,GBPUSD
982,2020.09.08,1.31643,1.31644,1.3164200000000001,1.31643,5,GBPUSD
983,2020.09.08,1.31643,1.31643,1.31633,1.3163799999999999,4,GBPUSD
984,2020.09.08,1.3163799999999999,1.31639,1.31637,1.31637,4,GBPUSD
985,2020.09.08,1.31637,1.31637,1.31631,1.31633,13,GBPUSD
986,2020.09.08,1.31633,1.31637,1.31633,1.31634,13,GBPUSD
987,2020.09.08,1.31636,1.31643,1.31627,1.31627,12,GBPUSD
988,2020.09.08,1.31627,1.31639,1.31627,1.31636,8,GBPUSD
989,2020.09.08,1.31636,1.31646,1.31636,1.31646,4,GBPUSD
990,2020.09.08,1.31647,1.31647,1.31634,1.3164200000000001,5,GBPUSD
991,2020.09.08,1.3164200000000001,1.31644,1.3164,1.31643,5,GBPUSD
992,2020.09.08,1.3164200000000001,1.31644,1.31637,1.31637,5,GBPUSD
993,2020.09.08,1.31637,1.31637,1.31637,1.31637,1,GBPUSD
994,2020.09.08,1.31637,1.3164,1.31637,1.31637,3,GBPUSD
995,2020.09.08,1.31637,1.31643,1.31637,1.31643,3,GBPUSD
996,2020.09.08,1.31643,1.3164799999999999,1.31643,1.31643,7,GBPUSD
997,2020.09.08,1.31643,1.31643,1.31643,1.31643,1,GBPUSD
998,2020.09.08,1.31643,1.31647,1.31643,1.31644,4,GBPUSD
999,2020.09.08,1.31644,1.3164799999999999,1.31643,1.31647,8,GBPUSD
